{"_default": {"1": {"name": "Justin", "wpm": 54.93333333333333, "wpmList": [63, 48, 51, 87, 20, 60, 90, 50, 63, 56, 54, 46, 31, 53, 52]}, "2": {"name": "Janessa", "wpm": 35, "wpmList": [35]}, "3": {"name": "test", "wpm": 71.33333333333333, "wpmList": [55, 96, 56, 91, 52, 78]}}}